{
  "target": 4.292890372310493,
  "clip": 4.361376989336254,
  "clip_text": 4.813972350557307
}