{
  "target": 4.470981900234312,
  "clip": 4.361376989336254,
  "clip_text": 4.813972350557307
}